A1_sim,A1_tweets,A2_sim,A2_tweets,A3_sim,A3_tweets,A4_sim,A4_tweets,A5_sim,A5_tweets,A6_sim,A6_tweets
6,6,2,6,6,5,5,5,6,6,6,6
6,6,6,6,6,6,6,9,6,6,6,6
6,6,6,6,6,6,6,6,6,6,6,6
6,6,6,6,6,6,6,6,6,6,4,6
6,6,4,6,6,6,6,0,6,4,6,5
3,0,6,6,6,6,6,6,6,5,6,6
5,6,6,6,6,6,6,6,5,6,6,6
6,6,6,6,6,6,5,1,6,5,6,6
6,6,5,6,5,6,5,6,6,6,6,5
6,6,6,6,3,6,6,6,6,6,6,6
6,6,6,5,6,6,6,6,5,0,6,6
3,0,6,6,6,6,4,2,6,6,4,6
6,6,0,6,6,5,6,6,6,6,4,6
6,6,6,6,5,6,4,6,4,6,5,6
6,6,6,0,2,5,5,6,6,6,6,5
6,6,6,6,6,6,6,6,6,6,6,6
6,2,6,6,6,6,6,6,6,6,6,6
6,6,5,6,6,6,6,6,5,6,6,6
6,1,6,6,5,6,6,6,6,6,4,5
5,4,6,6,6,6,6,,6,6,6,5
4,6,6,1,6,6,3,,6,6,6,6
5,6,6,6,6,6,6,,6,6,5,6
6,6,3,6,6,6,5,,6,5,0,5
6,6,6,6,6,6,5,,6,5,6,6
6,1,6,4,6,6,6,,6,3,6,6
6,5,3,6,6,6,6,,6,6,6,5
6,6,3,0,6,6,5,,6,6,4,6
6,6,0,0,6,6,5,,5,6,6,6
0,6,6,5,6,6,6,,6,6,6,4
4,6,6,6,6,6,6,,6,6,4,0
6,6,6,6,6,6,6,,6,5,6,6
0,6,6,6,0,6,6,,6,4,3,6
4,6,6,6,6,6,6,,6,6,6,6
6,6,6,6,6,6,6,,6,6,6,6
4,0,6,6,6,6,6,,5,6,6,6
4,0,6,6,6,5,6,,3,6,6,6
4,0,6,6,5,6,6,,6,5,6,6
6,1,6,6,6,6,5,,6,6,6,6
6,6,6,6,6,6,5,,6,6,6,6
6,6,6,6,6,6,6,,5,6,5,5
6,6,6,6,5,6,6,,6,6,4,6
4,6,6,6,6,6,6,,6,6,6,5
6,6,5,5,6,6,6,,6,6,5,6
6,6,5,6,6,5,4,,6,6,6,6
6,6,6,5,5,6,6,,6,6,6,6
6,6,4,5,6,6,6,,6,6,6,6
6,6,6,6,6,6,6,,6,6,6,2
6,6,6,6,6,6,6,,3,5,6,6
6,5,1,6,6,5,6,,6,6,6,6
6,6,6,6,6,6,6,,0,6,6,0
6,0,1,6,6,6,6,,6,6,6,6
6,6,6,6,6,6,1,,3,6,6,6
4,6,6,6,6,6,0,,6,5,4,0
5,6,6,6,2,6,6,,6,6,6,5
6,5,6,5,6,6,6,,4,6,5,6
3,6,6,1,6,6,6,,6,6,6,5
6,6,6,5,5,6,6,,5,6,4,0
6,6,6,6,6,6,6,,5,6,6,6
6,6,6,6,3,6,7,,6,6,6,5
6,6,6,6,6,6,6,,6,6,1,6
5,6,6,0,6,6,6,,6,5,6,6
0,6,6,6,5,6,6,,6,6,6,6
5,6,6,6,6,6,6,,6,4,6,6
6,3,7,6,4,6,6,,6,6,6,6
6,6,6,6,6,6,6,,6,6,6,6
6,6,6,6,6,5,6,,5,6,6,6
6,6,5,6,6,6,0,,6,6,6,6
6,0,6,6,6,6,6,,6,6,3,6
0,5,6,6,6,6,6,,6,4,4,5
6,0,6,6,6,6,6,,6,5,3,6
6,5,6,3,6,6,0,,6,6,6,6
6,6,4,6,6,6,1,,6,6,6,6
6,6,6,6,6,5,6,,6,6,6,6
5,6,6,6,6,5,6,,6,6,6,6
6,6,5,6,4,6,6,,3,6,6,6
6,6,6,6,6,6,1,,6,6,6,6
6,6,6,6,5,6,6,,6,6,0,5
5,6,6,6,3,6,5,,6,5,6,5
6,6,6,6,6,6,6,,6,6,6,6
7,6,6,6,3,6,6,,6,6,6,6
6,4,6,6,3,6,4,,6,6,6,6
6,6,4,6,6,6,6,,6,6,6,6
5,6,6,6,6,6,6,,6,6,6,6
1,6,6,6,5,6,6,,6,6,1,6
6,6,6,6,5,6,6,,6,5,6,6
6,3,6,6,6,6,2,,6,6,6,6
6,6,5,5,6,6,1,,6,6,6,6
5,6,6,6,6,6,6,,6,6,6,6
6,6,6,6,6,6,6,,6,5,6,6
6,6,6,6,5,6,6,,7,4,0,6
5,6,6,3,6,6,1,,1,6,4,6
6,6,6,1,6,6,6,,6,6,6,6
6,4,6,0,6,6,4,,4,4,6,6
6,6,6,6,5,6,2,,6,6,6,6
6,6,5,6,4,6,5,,6,6,6,6
6,6,5,6,6,6,4,,6,6,6,6
6,6,3,5,6,6,6,,6,6,6,6
6,6,6,0,6,6,6,,4,6,6,0
4,6,6,6,6,6,6,,6,4,6,6
6,4,6,6,4,6,6,,6,6,6,6
6,6,6,6,6,6,6,,6,6,2,6
6,6,6,6,6,6,6,,6,6,0,7
5,0,6,6,6,6,6,,6,6,5,6
6,0,4,6,6,6,3,,6,6,6,5
6,5,6,5,6,6,6,,6,6,3,5
6,6,6,6,2,6,6,,6,6,6,6
6,6,4,4,3,6,6,,6,6,6,6
6,0,6,3,6,6,6,,6,6,6,6
6,6,6,6,6,6,6,,6,6,6,6
2,5,6,6,6,6,2,,4,5,6,5
5,6,6,6,6,6,6,,6,6,6,5
6,6,6,4,6,6,5,,3,4,6,5
6,6,6,6,6,6,6,,6,6,7,6
6,6,6,6,3,6,6,,6,6,6,5
6,6,6,6,6,5,6,,6,4,6,6
6,6,6,6,6,6,6,,6,6,6,6
6,5,6,6,6,6,6,,6,6,6,6
7,6,6,6,6,6,6,,6,6,7,6
3,4,6,6,5,,5,,4,6,6,6
6,6,6,6,6,,5,,6,6,6,6
6,6,6,1,6,,0,,1,6,6,6
6,6,6,6,8,,6,,6,4,6,0
6,0,6,6,6,,6,,6,6,6,6
6,6,6,6,6,,6,,6,6,6,6
6,6,5,6,6,,5,,0,6,6,6
6,6,6,6,6,,6,,5,6,6,5
6,6,6,6,6,,6,,6,6,6,6
6,3,6,6,6,,6,,4,6,6,6
6,6,6,5,6,,6,,5,6,6,6
6,6,6,6,6,,6,,6,5,6,6
6,6,6,5,6,,6,,5,5,6,6
6,6,6,6,6,,6,,6,5,6,5
6,6,4,6,6,,6,,6,6,6,6
6,6,6,6,6,,6,,1,6,6,6
6,6,6,5,6,,6,,6,6,6,0
6,3,7,6,6,,6,,6,6,3,6
6,6,5,6,6,,5,,6,6,6,6
6,6,4,6,6,,5,,5,6,6,6
6,6,6,6,6,,6,,6,6,8,3
5,6,6,6,6,,6,,6,0,6,5
6,6,6,5,6,,6,,6,6,6,3
6,6,6,0,6,,6,,6,6,6,6
6,6,6,6,6,,6,,3,6,6,6
7,4,6,6,6,,6,,2,6,6,6
6,6,6,6,6,,6,,6,6,6,6
6,6,6,6,6,,6,,4,6,6,6
6,6,6,6,6,,5,,6,6,6,6
6,6,6,6,6,,6,,5,6,6,6
6,6,0,6,7,,6,,6,6,6,5
6,0,6,6,6,,6,,4,,6,5
6,6,6,6,4,,6,,6,,6,6
6,6,6,5,6,,6,,5,,6,6
6,6,6,6,6,,5,,4,,6,6
6,6,6,6,6,,5,,6,,6,6
6,6,6,6,6,,3,,6,,6,6
6,5,6,5,6,,2,,6,,6,6
6,6,6,6,6,,6,,6,,6,1
7,6,6,6,6,,6,,6,,6,6
6,6,6,6,7,,6,,6,,7,6
6,6,6,6,5,,6,,6,,6,6
6,6,5,4,6,,6,,5,,6,6
6,4,6,5,6,,6,,4,,6,6
6,6,6,6,6,,6,,6,,6,6
6,6,6,6,6,,6,,2,,6,0
6,6,6,6,6,,6,,6,,6,0
6,6,6,6,6,,5,,6,,6,0
6,6,6,6,6,,6,,6,,6,6
6,4,6,6,7,,6,,6,,6,6
6,1,6,6,6,,5,,5,,6,6
6,6,6,6,6,,6,,4,,6,0
6,6,5,5,6,,6,,6,,6,0
5,5,6,0,5,,6,,6,,6,5
6,6,6,5,6,,6,,6,,6,6
6,6,6,6,6,,6,,6,,6,0
6,1,6,6,6,,5,,6,,6,0
6,6,6,6,6,,6,,0,,6,5
6,6,5,6,6,,7,,4,,6,3
6,6,6,6,6,,6,,6,,6,1
6,6,6,6,6,,6,,4,,6,2
6,0,6,6,6,,6,,4,,6,6
6,6,6,6,6,,6,,0,,6,6
6,6,6,1,6,,6,,2,,5,6
6,5,6,4,6,,6,,4,,6,6
6,6,6,1,6,,6,,6,,6,6
6,5,6,6,6,,6,,1,,6,0
6,6,5,5,6,,6,,5,,6,6
6,6,6,0,6,,5,,6,,6,0
7,6,6,6,6,,6,,6,,6,6
6,6,6,6,8,,6,,1,,5,0
6,1,6,6,6,,6,,6,,6,6
6,6,6,6,6,,6,,6,,6,6
6,6,6,6,6,,6,,6,,6,6
6,6,5,6,6,,6,,6,,6,0
6,6,6,0,6,,6,,3,,6,6
6,6,6,6,6,,6,,7,,6,6
6,6,6,2,6,,6,,6,,6,6
6,6,5,6,6,,6,,6,,6,6
6,0,6,1,6,,6,,6,,6,6
6,6,6,6,6,,6,,1,,6,0
7,7,3,3,6,,6,,6,,6,6
6,6,6,5,6,,6,,6,,6,6
6,4,6,6,6,,7,,6,,6,6
7,3,6,3,6,,6,,6,,6,0
6,6,6,6,6,,6,,6,,6,0
6,6,6,6,5,,6,,1,,6,0
6,2,6,6,6,,6,,6,,6,0
6,6,6,0,6,,6,,6,,6,0
6,6,6,6,6,,1,,6,,6,4
6,6,6,6,5,,6,,6,,6,6
6,6,7,5,6,,7,,4,,6,6
6,6,6,6,6,,6,,5,,5,6
6,6,6,6,6,,6,,5,,6,5
6,6,6,6,6,,6,,6,,4,6
6,5,6,6,6,,6,,1,,6,6
4,5,4,6,6,,6,,6,,6,6
6,6,6,6,6,,6,,5,,6,6
6,6,6,1,6,,6,,6,,6,6
6,6,6,6,6,,6,,4,,3,6
6,6,6,4,7,,3,,6,,6,6
4,6,6,6,6,,6,,6,,6,6
6,6,6,6,6,,6,,4,,4,6
6,5,4,6,6,,6,,6,,6,6
6,5,6,6,6,,4,,5,,6,6
5,6,6,6,6,,6,,2,,5,6
6,4,6,6,6,,6,,6,,6,6
6,5,6,6,6,,6,,3,,5,6
6,5,6,6,6,,4,,6,,6,2
6,6,6,6,6,,6,,6,,6,5
6,5,5,6,4,,6,,6,,5,6
6,6,6,6,6,,6,,0,,6,5
6,6,6,6,6,,1,,6,,6,6
6,6,4,6,6,,1,,6,,6,6
6,5,6,2,6,,6,,6,,5,6
6,6,6,6,5,,6,,6,,4,6
6,6,6,6,6,,6,,6,,0,6
6,5,6,6,6,,5,,6,,6,6
6,4,6,6,6,,6,,6,,6,6
6,6,4,6,6,,6,,6,,5,6
4,6,5,6,8,,6,,0,,6,6
6,6,5,6,4,,6,,0,,6,6
6,6,4,6,6,,4,,6,,6,6
6,6,6,6,6,,6,,6,,6,6
6,6,4,6,6,,5,,0,,4,6
6,6,14,6,6,,4,,4,,6,6
6,5,6,6,6,,4,,5,,6,6
6,5,6,6,5,,5,,6,,6,6
5,6,6,6,4,,6,,5,,6,6
6,6,6,6,6,,6,,6,,6,5
6,6,6,6,6,,6,,1,,3,6
5,6,6,4,6,,6,,1,,4,0
6,6,6,6,6,,5,,6,,4,6
6,6,6,6,6,,4,,5,,6,6
6,6,6,6,6,,6,,4,,5,6
4,6,5,6,6,,6,,6,,6,6
6,6,6,6,5,,6,,6,,6,6
6,6,4,6,6,,6,,0,,6,6
6,6,3,6,4,,3,,6,,6,6
6,0,5,6,0,,6,,5,,6,6
6,6,6,6,6,,5,,4,,6,6
6,6,6,5,6,,6,,5,,6,6
2,6,6,5,6,,6,,6,,6,6
6,6,6,6,6,,5,,5,,6,6
6,6,5,6,6,,6,,6,,6,3
6,6,6,6,5,,6,,6,,4,6
5,6,6,6,6,,6,,6,,6,6
6,6,6,6,4,,6,,6,,5,5
6,6,6,6,6,,6,,6,,6,1
6,6,6,6,6,,4,,6,,6,6
6,6,6,6,6,,6,,6,,6,6
6,6,6,6,6,,6,,6,,5,6
6,6,4,6,6,,6,,6,,6,6
6,6,6,6,3,,6,,5,,6,6
6,6,4,6,6,,6,,5,,6,5
5,3,6,6,6,,6,,6,,5,6
6,0,6,6,6,,6,,6,,6,6
6,6,4,6,6,,6,,6,,6,6
6,6,6,6,5,,6,,6,,6,6
6,6,6,6,6,,6,,6,,6,6
6,6,6,6,6,,6,,6,,6,6
6,6,6,5,6,,6,,6,,6,6
6,6,6,6,6,,6,,6,,6,6
6,3,6,6,6,,6,,6,,6,6
6,0,6,5,6,,6,,6,,5,5
6,6,6,6,6,,5,,6,,6,6
6,0,6,5,6,,6,,1,,6,6
6,6,6,0,6,,6,,6,,5,6
6,0,1,6,6,,6,,3,,6,6
6,6,4,6,6,,6,,6,,4,6
5,2,6,6,5,,6,,6,,6,6
6,11,6,6,6,,5,,6,,6,5
6,5,6,6,0,,6,,5,,6,6
6,5,6,5,6,,6,,6,,6,2
6,6,6,6,6,,5,,0,,6,6
5,6,6,4,6,,6,,6,,5,6
6,6,6,4,4,,6,,6,,6,6
6,5,6,6,5,,7,,6,,6,6
6,6,6,6,6,,6,,4,,6,6
6,6,2,6,6,,5,,5,,6,4
6,2,6,6,6,,5,,1,,6,6
6,6,5,0,5,,6,,4,,6,6
6,6,6,6,6,,6,,6,,6,4
6,6,6,6,2,,6,,5,,0,6
8,5,6,6,6,,4,,6,,6,0
6,6,6,0,6,,6,,0,,5,0
6,6,6,6,6,,6,,6,,6,6
6,6,5,6,7,,6,,5,,6,6
4,6,5,3,6,,6,,6,,5,6
6,6,5,6,6,,5,,5,,6,6
6,6,5,6,4,,6,,4,,6,6
6,6,6,6,6,,6,,6,,6,6
6,6,6,6,6,,4,,6,,6,6
6,6,2,6,6,,5,,6,,6,6
6,6,6,4,6,,6,,6,,6,6
6,6,6,6,6,,6,,6,,6,2
6,6,6,6,6,,6,,6,,4,6
6,0,4,5,6,,6,,6,,6,6
3,6,6,6,6,,6,,6,,6,2
5,6,6,5,6,,6,,5,,6,6
6,6,6,6,6,,5,,6,,6,4
6,6,5,6,5,,5,,6,,6,6
6,6,6,6,3,,6,,6,,6,0
6,6,6,6,6,,6,,5,,6,6
3,6,6,6,6,,4,,6,,4,6
6,6,0,6,6,,6,,6,,4,0
6,4,6,6,5,,4,,4,,5,0
6,6,6,6,2,,5,,6,,6,5
6,1,6,6,6,,6,,6,,6,0
6,6,6,6,6,,6,,6,,6,6
6,6,5,6,6,,6,,5,,6,6
6,6,6,6,5,,6,,6,,4,4
5,6,6,6,6,,6,,6,,6,6
4,6,6,5,6,,3,,6,,6,6
5,6,6,6,6,,6,,6,,5,6
6,3,3,6,6,,5,,6,,0,0
6,6,6,6,6,,5,,6,,6,3
6,4,6,6,6,,6,,6,,6,6
6,6,3,6,6,,6,,6,,6,0
6,6,3,5,6,,5,,6,,4,6
6,6,0,6,6,,5,,5,,6,6
0,6,6,6,6,,6,,6,,6,6
4,6,6,4,6,,6,,6,,4,6
6,3,6,4,6,,6,,6,,6,5
0,6,6,6,0,,6,,6,,3,6
4,6,6,6,6,,6,,6,,6,6
6,6,6,5,6,,6,,6,,6,5
4,6,6,6,6,,6,,5,,6,5
4,5,6,6,6,,6,,3,,6,6
4,6,6,6,5,,6,,6,,6,6
6,6,6,6,6,,5,,6,,6,6
6,5,6,6,6,,5,,6,,6,6
6,6,6,6,6,,6,,5,,5,6
6,6,6,6,5,,6,,6,,4,4
4,6,6,6,6,,6,,6,,6,5
6,6,5,6,6,,6,,6,,5,6
6,6,5,6,6,,4,,6,,6,5
6,6,6,6,5,,6,,6,,6,6
6,6,4,6,6,,6,,6,,6,6
6,6,6,4,6,,6,,6,,6,6
6,6,6,5,6,,6,,3,,6,6
6,6,1,6,6,,6,,6,,6,6
6,6,6,6,6,,6,,0,,6,6
6,6,1,6,6,,6,,6,,6,6
6,6,6,6,6,,1,,3,,6,4
4,6,6,6,6,,0,,6,,4,6
5,5,6,6,2,,6,,6,,6,6
6,6,6,6,6,,6,,4,,5,6
3,5,6,6,6,,6,,6,,6,5
6,6,6,6,5,,6,,5,,4,6
6,5,6,5,6,,6,,5,,6,0
6,6,6,6,3,,7,,6,,6,6
6,6,6,6,6,,6,,6,,1,6
5,6,6,6,6,,6,,6,,6,6
0,6,6,6,5,,6,,6,,6,5
5,0,6,5,6,,6,,6,,6,4
6,3,7,6,4,,6,,6,,6,6
6,6,6,6,6,,6,,6,,6,6
6,6,6,2,6,,6,,5,,6,6
6,6,5,6,6,,0,,6,,6,6
6,6,6,6,6,,6,,6,,3,6
0,6,6,6,6,,6,,6,,4,5
6,1,6,6,6,,6,,6,,3,5
6,6,6,4,6,,0,,6,,6,6
6,6,4,6,6,,1,,6,,6,6
6,4,6,6,6,,6,,6,,6,6
5,2,6,6,6,,6,,6,,6,6
6,6,5,6,4,,6,,3,,6,6
6,6,6,3,6,,1,,6,,6,6
6,6,6,6,5,,6,,6,,0,6
5,5,6,6,3,,5,,6,,6,6
6,6,6,6,6,,6,,6,,6,6
7,6,6,6,3,,6,,6,,6,6
6,6,6,6,3,,4,,6,,6,6
6,0,4,6,6,,6,,6,,6,6
5,0,6,6,6,,6,,6,,6,6
1,6,6,6,5,,6,,6,,1,6
6,6,6,4,5,,6,,6,,6,6
6,3,6,6,6,,2,,6,,6,6
6,6,5,6,6,,1,,6,,6,6
5,6,6,5,6,,6,,6,,6,5
6,6,6,5,6,,6,,6,,6,5
6,6,6,6,5,,6,,7,,0,6
5,6,6,6,6,,1,,1,,4,6
6,4,6,0,6,,6,,6,,6,6
6,6,6,6,6,,4,,4,,6,5
6,6,6,3,5,,2,,6,,6,4
6,6,5,6,4,,5,,6,,6,6
6,6,5,5,6,,4,,6,,6,6
6,5,3,6,6,,6,,6,,6,6
6,6,6,6,6,,6,,4,,6,5
4,6,6,6,6,,6,,6,,6,6
6,1,6,6,4,,6,,6,,6,3
6,6,6,6,6,,6,,6,,2,6
6,3,6,5,6,,6,,6,,0,5
5,6,6,5,6,,6,,6,,5,6
6,6,4,6,6,,3,,6,,6,0
6,6,6,6,6,,6,,6,,3,6
6,6,6,1,2,,6,,6,,6,6
6,6,4,5,3,,6,,6,,6,6
6,6,6,6,6,,6,,6,,6,6
6,6,6,2,6,,6,,6,,6,6
2,6,6,6,6,,2,,4,,6,6
5,6,6,6,6,,6,,6,,6,6
6,6,6,6,6,,5,,3,,6,6
6,6,6,1,6,,6,,6,,7,6
6,5,6,0,3,,6,,6,,6,6
6,6,6,6,6,,6,,6,,6,2
6,5,6,6,6,,6,,6,,6,6
6,6,6,6,6,,6,,6,,6,5
7,4,6,3,6,,6,,6,,7,6
3,6,6,6,5,,5,,4,,6,6
6,6,6,6,6,,5,,6,,6,6
6,6,6,6,6,,0,,1,,6,6
6,6,6,6,8,,6,,6,,6,6
6,6,6,3,6,,6,,6,,6,6
6,6,6,5,6,,6,,6,,6,5
6,6,5,2,6,,5,,0,,6,6
6,6,6,4,6,,6,,5,,6,6
6,6,6,5,6,,6,,6,,6,6
6,6,6,0,6,,6,,4,,6,6
6,6,6,6,6,,6,,5,,6,6
6,6,6,6,6,,6,,6,,6,4
6,6,6,5,6,,6,,5,,6,5
6,6,6,5,6,,6,,6,,6,6
6,6,4,5,6,,6,,6,,6,5
6,6,6,6,6,,6,,1,,6,6
6,1,6,0,6,,6,,6,,6,6
6,5,7,6,6,,6,,6,,3,6
6,5,5,6,6,,5,,6,,6,6
6,6,4,0,6,,5,,5,,6,6
6,6,6,0,6,,6,,6,,8,6
5,6,6,4,6,,6,,6,,6,6
6,6,6,6,6,,6,,6,,6,6
6,5,6,6,6,,6,,6,,6,6
6,6,6,0,6,,6,,3,,6,6
7,6,6,6,6,,6,,2,,6,6
6,6,6,5,6,,6,,6,,6,6
6,6,6,6,6,,6,,4,,6,6
6,6,6,6,6,,5,,6,,6,6
6,6,6,6,6,,6,,5,,6,6
6,6,0,5,7,,6,,6,,6,6
6,1,6,6,6,,6,,4,,6,6
6,5,6,6,4,,6,,6,,6,6
6,6,6,6,6,,6,,5,,6,6
6,6,6,6,6,,5,,4,,6,6
6,6,6,6,6,,5,,6,,6,6
6,6,6,0,6,,3,,6,,6,6
6,6,6,6,6,,2,,6,,6,2
6,4,6,6,6,,6,,6,,6,6
7,6,6,0,6,,6,,6,,6,2
6,6,6,0,7,,6,,6,,7,6
6,4,6,0,5,,6,,6,,6,0
6,6,5,0,6,,6,,5,,6,6
6,6,6,0,6,,6,,4,,6,5
6,5,6,0,6,,6,,6,,6,6
6,6,6,0,6,,6,,2,,6,6
6,6,6,0,6,,6,,6,,6,6
6,6,6,0,6,,5,,6,,6,6
6,6,6,6,6,,6,,6,,6,6
6,5,6,0,7,,6,,6,,6,6
6,6,6,0,6,,5,,5,,6,6
6,6,6,0,6,,6,,4,,6,6
6,6,5,0,6,,6,,6,,6,6
5,6,6,0,5,,6,,6,,6,5
6,6,6,0,6,,6,,6,,6,6
6,5,6,4,6,,6,,6,,6,6
6,6,6,6,6,,5,,6,,6,6
6,6,6,5,6,,6,,0,,6,6
6,6,5,0,6,,7,,4,,6,6
6,6,6,0,6,,6,,6,,6,5
6,6,6,0,6,,6,,4,,6,6
6,3,6,3,6,,6,,4,,6,5
6,6,6,0,6,,6,,0,,6,6
6,6,6,0,6,,6,,2,,5,6
6,6,6,0,6,,6,,4,,6,6
6,2,6,0,6,,6,,6,,6,5
6,6,6,0,6,,6,,1,,6,6
6,6,5,0,6,,6,,5,,6,0
6,0,6,0,6,,5,,6,,6,5
7,6,6,0,6,,6,,6,,6,6
6,6,6,6,8,,6,,1,,5,6
6,6,6,6,6,,6,,6,,6,6
6,6,6,0,6,,6,,6,,6,2
6,6,6,6,6,,6,,6,,6,6
6,6,5,0,6,,6,,6,,6,6
6,6,6,0,6,,6,,3,,6,6
6,2,6,6,6,,6,,7,,6,6
6,6,6,6,6,,6,,6,,6,6
6,6,5,0,6,,6,,6,,6,6
6,6,6,6,6,,6,,6,,6,6
6,6,6,0,6,,6,,1,,6,5
7,6,3,6,6,,6,,6,,6,6
6,6,6,0,6,,6,,6,,6,5
6,6,6,6,6,,7,,6,,6,6
7,6,6,0,6,,6,,6,,6,6
6,6,6,0,6,,6,,6,,6,6
6,6,6,6,5,,6,,1,,6,6
6,6,6,0,6,,6,,6,,6,5
6,5,6,5,6,,6,,6,,6,6
6,6,6,6,6,,1,,6,,6,6
6,4,6,0,5,,6,,6,,6,6
6,6,7,6,6,,7,,4,,6,6
6,5,6,0,6,,6,,5,,5,5
6,6,2,0,6,,5,,6,,6,1
6,6,6,5,6,,6,,6,,6,6
6,4,6,6,6,,6,,6,,6,6
6,6,6,6,6,,6,,6,,4,6
6,6,4,6,6,,6,,6,,6,6
3,6,6,0,6,,6,,6,,6,6
5,6,6,5,6,,6,,5,,6,6
6,6,6,0,6,,5,,6,,6,6
6,2,5,0,5,,5,,6,,6,6
6,6,6,0,3,,6,,6,,6,0
6,6,6,0,6,,6,,5,,6,3
3,6,6,6,6,,4,,6,,4,6
6,6,0,2,6,,6,,6,,4,6
6,6,6,6,5,,4,,4,,5,6
6,1,6,0,2,,5,,6,,6,6
6,6,6,0,6,,6,,6,,6,6
6,6,6,0,6,,6,,6,,6,6
6,6,5,6,6,,6,,5,,6,6
6,6,6,6,5,,6,,6,,4,6
5,6,6,6,6,,6,,6,,6,6
4,5,6,6,6,,3,,6,,6,5
5,6,6,0,6,,6,,6,,5,0
6,6,3,0,6,,5,,6,,0,5
6,6,6,6,6,,5,,6,,6,3
6,5,6,6,6,,6,,6,,6,0
6,1,3,6,6,,6,,6,,6,0
6,6,3,0,6,,5,,6,,4,6
6,6,0,0,6,,5,,5,,6,6
0,6,6,0,6,,6,,6,,6,6
4,6,6,0,6,,6,,6,,4,4
6,6,6,0,6,,6,,6,,6,1
0,6,6,0,0,,6,,6,,3,4
4,6,6,0,6,,6,,6,,6,6
6,5,6,0,6,,6,,6,,6,6
4,6,6,0,6,,6,,5,,6,0
4,6,6,0,6,,6,,3,,6,1
4,6,6,0,5,,6,,6,,6,1
6,6,6,6,6,,5,,6,,6,6
6,6,6,0,6,,5,,6,,6,0
6,3,6,0,6,,6,,5,,5,6
6,6,6,0,5,,6,,6,,4,5
4,4,6,0,6,,6,,6,,6,6
6,3,5,6,6,,6,,6,,5,6
6,6,5,6,6,,4,,6,,6,5
6,6,6,5,5,,6,,6,,6,6
6,6,4,6,6,,6,,6,,6,6
6,6,6,6,6,,6,,6,,6,6
6,6,6,6,6,,6,,3,,6,6
6,0,1,2,6,,6,,6,,6,4
6,6,6,6,6,,6,,0,,6,6
6,6,1,6,6,,6,,6,,6,0
6,6,6,5,6,,1,,3,,6,5
4,6,6,6,6,,0,,6,,4,6
5,5,6,6,2,,6,,6,,6,6
6,0,6,6,6,,6,,4,,5,6
3,2,6,5,6,,6,,6,,6,
6,5,6,6,5,,6,,5,,4,
6,0,6,6,6,,6,,5,,6,
6,5,6,6,3,,7,,6,,6,
6,6,6,6,6,,6,,6,,1,
5,6,6,6,6,,6,,6,,6,
0,0,6,6,5,,6,,6,,6,
5,6,6,6,6,,6,,6,,6,
6,0,7,6,4,,6,,6,,6,
6,6,6,6,6,,6,,6,,6,
6,6,6,6,6,,6,,5,,6,
6,0,5,6,6,,0,,6,,6,
6,6,6,6,6,,6,,6,,3,
0,6,6,6,6,,6,,6,,4,
6,6,6,6,6,,6,,6,,3,
6,6,6,6,6,,0,,6,,6,
6,6,4,6,6,,1,,6,,6,
6,6,6,6,6,,6,,6,,6,
5,6,6,6,6,,6,,6,,6,
6,6,5,5,4,,6,,3,,6,
6,6,6,0,6,,1,,6,,6,
6,6,6,6,5,,6,,6,,0,
5,4,6,6,3,,5,,6,,6,
6,6,6,6,6,,6,,6,,6,
7,0,6,0,3,,6,,6,,6,
6,6,6,6,3,,4,,6,,6,
6,0,4,6,6,,6,,6,,6,
5,6,6,6,6,,6,,6,,6,
1,6,6,5,5,,6,,6,,1,
6,5,6,6,5,,6,,6,,6,
6,6,6,6,6,,2,,6,,6,
6,6,5,6,6,,1,,6,,6,
5,7,6,6,6,,6,,6,,6,
6,3,6,6,6,,6,,6,,6,
6,6,6,6,5,,6,,7,,0,
5,0,6,6,6,,1,,1,,4,
6,6,6,6,6,,6,,6,,6,
6,6,6,6,6,,4,,4,,6,
6,6,6,6,5,,2,,6,,6,
6,6,5,6,4,,5,,6,,6,
6,0,5,6,6,,4,,6,,6,
6,6,3,5,6,,6,,6,,6,
6,0,6,6,6,,6,,4,,6,
4,5,6,6,6,,6,,6,,6,
6,6,6,6,4,,6,,6,,6,
6,0,6,6,6,,6,,6,,2,
6,6,6,6,6,,6,,6,,0,
5,6,6,6,6,,6,,6,,5,
6,6,4,6,6,,3,,6,,6,
6,0,6,6,6,,6,,6,,3,
6,6,6,6,2,,6,,6,,6,
6,6,4,6,3,,6,,6,,6,
6,6,6,6,6,,6,,6,,6,
6,6,6,5,6,,6,,6,,6,
2,6,6,6,6,,2,,4,,6,
5,6,6,5,6,,6,,6,,6,
,6,,6,,,,,,,,
,6,,6,,,,,,,,
,6,,6,,,,,,,,
,6,,6,,,,,,,,
,6,,6,,,,,,,,
,6,,6,,,,,,,,
,6,,6,,,,,,,,
,6,,5,,,,,,,,
,0,,6,,,,,,,,
,6,,6,,,,,,,,
,0,,5,,,,,,,,
,0,,6,,,,,,,,
,0,,5,,,,,,,,
,0,,6,,,,,,,,
,6,,6,,,,,,,,
,6,,6,,,,,,,,
,0,,6,,,,,,,,
,0,,0,,,,,,,,
,6,,6,,,,,,,,
,0,,6,,,,,,,,
,0,,2,,,,,,,,
,0,,6,,,,,,,,
,0,,6,,,,,,,,
,0,,6,,,,,,,,
,6,,6,,,,,,,,
,6,,1,,,,,,,,
,6,,5,,,,,,,,
,0,,6,,,,,,,,
,0,,6,,,,,,,,
,0,,6,,,,,,,,
,6,,6,,,,,,,,
,0,,6,,,,,,,,
,0,,6,,,,,,,,
,0,,6,,,,,,,,
,0,,6,,,,,,,,
,6,,6,,,,,,,,
,6,,6,,,,,,,,
,6,,6,,,,,,,,
,6,,6,,,,,,,,
,5,,6,,,,,,,,
,0,,6,,,,,,,,
,6,,6,,,,,,,,
,0,,6,,,,,,,,
,6,,6,,,,,,,,
,6,,5,,,,,,,,
,6,,6,,,,,,,,
,0,,6,,,,,,,,
,0,,6,,,,,,,,
,7,,6,,,,,,,,
,6,,6,,,,,,,,
,6,,6,,,,,,,,
,6,,6,,,,,,,,
,5,,6,,,,,,,,
,2,,5,,,,,,,,
,6,,2,,,,,,,,
,6,,6,,,,,,,,
,0,,6,,,,,,,,
,5,,6,,,,,,,,
,6,,6,,,,,,,,
,6,,6,,,,,,,,
,6,,6,,,,,,,,
,0,,6,,,,,,,,
,6,,6,,,,,,,,
,6,,6,,,,,,,,
,6,,6,,,,,,,,
,6,,6,,,,,,,,
,6,,6,,,,,,,,
,6,,6,,,,,,,,
,6,,6,,,,,,,,
,0,,6,,,,,,,,
,6,,0,,,,,,,,
,0,,6,,,,,,,,
,0,,6,,,,,,,,
,0,,6,,,,,,,,
,0,,6,,,,,,,,
,0,,4,,,,,,,,
,6,,6,,,,,,,,
,0,,6,,,,,,,,
,0,,6,,,,,,,,
,0,,6,,,,,,,,
,0,,6,,,,,,,,
,0,,6,,,,,,,,
,6,,4,,,,,,,,
,6,,4,,,,,,,,
,0,,6,,,,,,,,
,6,,6,,,,,,,,
,6,,6,,,,,,,,
,6,,6,,,,,,,,
,0,,6,,,,,,,,
,0,,6,,,,,,,,
,0,,6,,,,,,,,
,0,,6,,,,,,,,
,6,,6,,,,,,,,
,6,,6,,,,,,,,
,3,,6,,,,,,,,
,6,,6,,,,,,,,
,0,,6,,,,,,,,
,0,,6,,,,,,,,
,6,,4,,,,,,,,
,6,,6,,,,,,,,
,0,,6,,,,,,,,
,0,,5,,,,,,,,
,0,,6,,,,,,,,
,0,,6,,,,,,,,
,0,,6,,,,,,,,
,5,,6,,,,,,,,
,0,,6,,,,,,,,
,0,,6,,,,,,,,
,0,,6,,,,,,,,
,0,,6,,,,,,,,
,6,,5,,,,,,,,
,0,,6,,,,,,,,
,0,,6,,,,,,,,
,0,,5,,,,,,,,
,0,,6,,,,,,,,
,5,,6,,,,,,,,
,0,,6,,,,,,,,
,0,,6,,,,,,,,
,0,,6,,,,,,,,
,0,,6,,,,,,,,
,6,,6,,,,,,,,
,6,,0,,,,,,,,
,5,,6,,,,,,,,
,6,,5,,,,,,,,
,5,,6,,,,,,,,
,6,,6,,,,,,,,
,6,,6,,,,,,,,
,0,,6,,,,,,,,
,6,,5,,,,,,,,
,0,,0,,,,,,,,
,6,,5,,,,,,,,
,0,,0,,,,,,,,
,6,,6,,,,,,,,
,6,,1,,,,,,,,
,5,,6,,,,,,,,
,5,,5,,,,,,,,
,6,,0,,,,,,,,
,6,,6,,,,,,,,
,0,,0,,,,,,,,
,0,,0,,,,,,,,
,0,,6,,,,,,,,
,6,,5,,,,,,,,
,6,,6,,,,,,,,
,6,,0,,,,,,,,
,6,,6,,,,,,,,
,6,,0,,,,,,,,
,6,,6,,,,,,,,
,6,,6,,,,,,,,
,6,,6,,,,,,,,
,6,,6,,,,,,,,
,5,,6,,,,,,,,
,6,,6,,,,,,,,
,5,,6,,,,,,,,
,6,,6,,,,,,,,
,6,,6,,,,,,,,
,2,,6,,,,,,,,
,6,,6,,,,,,,,
,6,,6,,,,,,,,
,6,,0,,,,,,,,
,1,,0,,,,,,,,
,6,,6,,,,,,,,
,6,,5,,,,,,,,
,6,,2,,,,,,,,
,6,,6,,,,,,,,
,6,,5,,,,,,,,
,6,,6,,,,,,,,
,6,,5,,,,,,,,
,6,,6,,,,,,,,
,6,,5,,,,,,,,
,6,,6,,,,,,,,
,6,,6,,,,,,,,
,6,,6,,,,,,,,
,6,,0,,,,,,,,
,3,,6,,,,,,,,
,6,,6,,,,,,,,
,6,,6,,,,,,,,
,6,,6,,,,,,,,
,6,,6,,,,,,,,
,5,,6,,,,,,,,
,6,,6,,,,,,,,
,6,,6,,,,,,,,
,5,,6,,,,,,,,
,6,,6,,,,,,,,
,6,,6,,,,,,,,
,5,,6,,,,,,,,
,6,,6,,,,,,,,
,5,,5,,,,,,,,
,6,,5,,,,,,,,
,6,,6,,,,,,,,
,0,,6,,,,,,,,
,6,,6,,,,,,,,
,6,,6,,,,,,,,
,2,,6,,,,,,,,
,6,,6,,,,,,,,
,5,,6,,,,,,,,
,6,,6,,,,,,,,
,0,,6,,,,,,,,
,6,,6,,,,,,,,
,6,,6,,,,,,,,
,6,,6,,,,,,,,
,6,,6,,,,,,,,
,6,,6,,,,,,,,
,6,,5,,,,,,,,
,0,,6,,,,,,,,
,6,,5,,,,,,,,
,5,,6,,,,,,,,
,5,,4,,,,,,,,
,6,,6,,,,,,,,
,6,,6,,,,,,,,
,6,,6,,,,,,,,
,0,,6,,,,,,,,
,6,,6,,,,,,,,
,6,,6,,,,,,,,
,6,,6,,,,,,,,
,5,,6,,,,,,,,
,6,,6,,,,,,,,
,6,,6,,,,,,,,
,6,,6,,,,,,,,
,6,,6,,,,,,,,
,6,,6,,,,,,,,
,6,,6,,,,,,,,
,6,,6,,,,,,,,
,6,,6,,,,,,,,
,6,,6,,,,,,,,
,6,,6,,,,,,,,
,6,,6,,,,,,,,
,6,,5,,,,,,,,
,6,,6,,,,,,,,
,6,,6,,,,,,,,
,6,,6,,,,,,,,
,6,,6,,,,,,,,
,6,,6,,,,,,,,
,6,,6,,,,,,,,
,5,,0,,,,,,,,
,5,,6,,,,,,,,
,6,,6,,,,,,,,
,6,,1,,,,,,,,
,2,,0,,,,,,,,
,6,,6,,,,,,,,
,6,,0,,,,,,,,
,6,,6,,,,,,,,
,6,,5,,,,,,,,
,6,,6,,,,,,,,
,5,,6,,,,,,,,
,5,,6,,,,,,,,
,6,,6,,,,,,,,
,6,,6,,,,,,,,
,6,,6,,,,,,,,
,0,,6,,,,,,,,
,6,,6,,,,,,,,
,6,,4,,,,,,,,
,5,,6,,,,,,,,
,6,,6,,,,,,,,
,6,,4,,,,,,,,
,3,,4,,,,,,,,
,5,,6,,,,,,,,
,6,,6,,,,,,,,
,6,,6,,,,,,,,
,6,,6,,,,,,,,
,6,,6,,,,,,,,
,6,,5,,,,,,,,
,6,,8,,,,,,,,
,6,,6,,,,,,,,
,6,,5,,,,,,,,
,3,,5,,,,,,,,
,5,,5,,,,,,,,
,6,,5,,,,,,,,
,6,,6,,,,,,,,
,6,,6,,,,,,,,
,6,,1,,,,,,,,
,6,,6,,,,,,,,
,6,,6,,,,,,,,
,5,,6,,,,,,,,
,3,,6,,,,,,,,
,5,,1,,,,,,,,
,6,,6,,,,,,,,
,6,,4,,,,,,,,
,6,,4,,,,,,,,
,5,,6,,,,,,,,
,0,,6,,,,,,,,
,6,,6,,,,,,,,
,5,,6,,,,,,,,
,6,,6,,,,,,,,
,6,,6,,,,,,,,
,6,,1,,,,,,,,
,6,,6,,,,,,,,
,5,,6,,,,,,,,
,6,,5,,,,,,,,
,6,,6,,,,,,,,
,0,,6,,,,,,,,
,6,,6,,,,,,,,
,4,,6,,,,,,,,
,6,,6,,,,,,,,
,6,,5,,,,,,,,
,6,,6,,,,,,,,
,2,,6,,,,,,,,
,0,,0,,,,,,,,
,6,,3,,,,,,,,
,6,,4,,,,,,,,
,6,,6,,,,,,,,
,6,,6,,,,,,,,
,6,,6,,,,,,,,
,6,,5,,,,,,,,
,5,,6,,,,,,,,
,6,,6,,,,,,,,
,6,,6,,,,,,,,
,6,,6,,,,,,,,
,5,,6,,,,,,,,
,6,,6,,,,,,,,
,6,,6,,,,,,,,
,6,,6,,,,,,,,
,6,,5,,,,,,,,
,6,,6,,,,,,,,
,6,,6,,,,,,,,
,6,,6,,,,,,,,
,0,,6,,,,,,,,
,4,,6,,,,,,,,
,6,,0,,,,,,,,
,6,,6,,,,,,,,
,6,,6,,,,,,,,
,6,,6,,,,,,,,
,4,,6,,,,,,,,
,6,,6,,,,,,,,
,6,,6,,,,,,,,
,6,,6,,,,,,,,
,6,,6,,,,,,,,
,6,,6,,,,,,,,
,6,,3,,,,,,,,
,6,,6,,,,,,,,
,0,,5,,,,,,,,
,0,,5,,,,,,,,
,5,,3,,,,,,,,
,6,,6,,,,,,,,
,6,,6,,,,,,,,
,6,,6,,,,,,,,
,6,,6,,,,,,,,
,6,,5,,,,,,,,
,6,,6,,,,,,,,
,6,,6,,,,,,,,
,6,,6,,,,,,,,
,6,,6,,,,,,,,
,6,,5,,,,,,,,
,0,,6,,,,,,,,
,6,,6,,,,,,,,
,6,,6,,,,,,,,
,5,,6,,,,,,,,
,6,,6,,,,,,,,
,0,,5,,,,,,,,
,6,,5,,,,,,,,
,6,,3,,,,,,,,
,6,,6,,,,,,,,
,6,,1,,,,,,,,
,6,,6,,,,,,,,
,6,,5,,,,,,,,
,6,,5,,,,,,,,
,6,,5,,,,,,,,
,6,,6,,,,,,,,
,3,,5,,,,,,,,
,6,,6,,,,,,,,
,6,,6,,,,,,,,
,4,,6,,,,,,,,
,5,,3,,,,,,,,
,6,,6,,,,,,,,
,6,,6,,,,,,,,
,6,,6,,,,,,,,
,6,,6,,,,,,,,
,6,,1,,,,,,,,
,6,,6,,,,,,,,
,0,,6,,,,,,,,
,6,,6,,,,,,,,
,6,,6,,,,,,,,
,6,,6,,,,,,,,
,5,,6,,,,,,,,
,6,,6,,,,,,,,
,6,,6,,,,,,,,
,6,,6,,,,,,,,
,6,,6,,,,,,,,
,6,,4,,,,,,,,
,6,,6,,,,,,,,
,4,,6,,,,,,,,
,6,,6,,,,,,,,
,6,,6,,,,,,,,
,6,,6,,,,,,,,
,2,,0,,,,,,,,
,5,,6,,,,,,,,
,6,,6,,,,,,,,
,6,,1,,,,,,,,
,6,,5,,,,,,,,
,6,,6,,,,,,,,
,6,,0,,,,,,,,
,0,,6,,,,,,,,
,3,,0,,,,,,,,
,3,,6,,,,,,,,
,6,,6,,,,,,,,
,6,,5,,,,,,,,
,6,,6,,,,,,,,
,0,,6,,,,,,,,
,6,,5,,,,,,,,
,0,,6,,,,,,,,
,6,,6,,,,,,,,
,6,,2,,,,,,,,
,0,,6,,,,,,,,
,0,,6,,,,,,,,
,0,,6,,,,,,,,
,0,,6,,,,,,,,
,0,,4,,,,,,,,
,0,,6,,,,,,,,
,6,,6,,,,,,,,
,0,,0,,,,,,,,
,0,,5,,,,,,,,
,5,,5,,,,,,,,
,6,,6,,,,,,,,
,5,,6,,,,,,,,
,0,,5,,,,,,,,
,6,,6,,,,,,,,
,0,,4,,,,,,,,
,6,,5,,,,,,,,
,7,,6,,,,,,,,
,6,,6,,,,,,,,
,6,,6,,,,,,,,
,0,,6,,,,,,,,
,6,,5,,,,,,,,
,4,,6,,,,,,,,
,0,,6,,,,,,,,
,0,,6,,,,,,,,
,2,,6,,,,,,,,
,6,,5,,,,,,,,
,0,,6,,,,,,,,
,6,,6,,,,,,,,
,6,,6,,,,,,,,
,0,,6,,,,,,,,
,0,,6,,,,,,,,
,6,,6,,,,,,,,
,6,,6,,,,,,,,
,6,,3,,,,,,,,
,6,,6,,,,,,,,
,6,,6,,,,,,,,
,6,,6,,,,,,,,
,6,,6,,,,,,,,
,0,,0,,,,,,,,
,0,,6,,,,,,,,
,0,,3,,,,,,,,
,6,,6,,,,,,,,
,0,,6,,,,,,,,
,6,,6,,,,,,,,
,0,,6,,,,,,,,
,0,,6,,,,,,,,
,6,,6,,,,,,,,
,6,,5,,,,,,,,
,0,,6,,,,,,,,
,6,,6,,,,,,,,
,6,,3,,,,,,,,
,6,,6,,,,,,,,
,6,,5,,,,,,,,
,6,,6,,,,,,,,
,6,,0,,,,,,,,
,6,,6,,,,,,,,
,3,,4,,,,,,,,
,6,,6,,,,,,,,
,0,,6,,,,,,,,
,6,,2,,,,,,,,
,6,,2,,,,,,,,
,6,,6,,,,,,,,
,6,,6,,,,,,,,
,4,,6,,,,,,,,
,6,,6,,,,,,,,
,6,,6,,,,,,,,
,6,,6,,,,,,,,
,6,,6,,,,,,,,
,6,,6,,,,,,,,
,2,,6,,,,,,,,
,6,,6,,,,,,,,
,6,,6,,,,,,,,
,6,,6,,,,,,,,
,1,,6,,,,,,,,
,6,,6,,,,,,,,
,6,,7,,,,,,,,
,5,,0,,,,,,,,
,6,,6,,,,,,,,
,6,,6,,,,,,,,
,6,,6,,,,,,,,
,5,,1,,,,,,,,
,6,,6,,,,,,,,
,5,,6,,,,,,,,
,5,,6,,,,,,,,
,6,,6,,,,,,,,
,6,,6,,,,,,,,
,5,,6,,,,,,,,
,6,,6,,,,,,,,
,0,,6,,,,,,,,
,6,,5,,,,,,,,
,6,,5,,,,,,,,
,6,,0,,,,,,,,
,6,,6,,,,,,,,
,6,,6,,,,,,,,
,3,,6,,,,,,,,
,6,,6,,,,,,,,
,6,,6,,,,,,,,
,0,,5,,,,,,,,
,6,,6,,,,,,,,
,5,,6,,,,,,,,
,6,,6,,,,,,,,
,1,,6,,,,,,,,
,5,,0,,,,,,,,
,0,,6,,,,,,,,
,6,,6,,,,,,,,
,6,,6,,,,,,,,
,6,,6,,,,,,,,
,6,,6,,,,,,,,
,6,,6,,,,,,,,
,6,,6,,,,,,,,
,6,,6,,,,,,,,
,6,,6,,,,,,,,
,6,,6,,,,,,,,
,6,,6,,,,,,,,
,1,,6,,,,,,,,
,6,,5,,,,,,,,
,6,,6,,,,,,,,
,1,,1,,,,,,,,
,5,,6,,,,,,,,
,6,,6,,,,,,,,
,6,,6,,,,,,,,
,6,,6,,,,,,,,
,6,,6,,,,,,,,
,6,,6,,,,,,,,
,6,,6,,,,,,,,
,6,,6,,,,,,,,
,3,,6,,,,,,,,
,6,,6,,,,,,,,
,6,,6,,,,,,,,
,5,,6,,,,,,,,
,6,,6,,,,,,,,
,6,,6,,,,,,,,
,0,,6,,,,,,,,
,6,,2,,,,,,,,
,6,,6,,,,,,,,
,6,,6,,,,,,,,
,6,,5,,,,,,,,
,6,,5,,,,,,,,
,6,,6,,,,,,,,
,3,,2,,,,,,,,
,6,,6,,,,,,,,
,6,,7,,,,,,,,
,1,,6,,,,,,,,
,6,,6,,,,,,,,
,4,,6,,,,,,,,
,0,,6,,,,,,,,
,6,,6,,,,,,,,
,6,,6,,,,,,,,
,6,,5,,,,,,,,
,6,,6,,,,,,,,
,6,,6,,,,,,,,
,6,,6,,,,,,,,
,6,,0,,,,,,,,
,6,,1,,,,,,,,
,6,,6,,,,,,,,
,3,,6,,,,,,,,
,3,,6,,,,,,,,
,6,,6,,,,,,,,
,0,,6,,,,,,,,
,6,,6,,,,,,,,
,2,,6,,,,,,,,
,5,,6,,,,,,,,
,6,,6,,,,,,,,
,6,,6,,,,,,,,
,6,,6,,,,,,,,
,6,,6,,,,,,,,
,5,,6,,,,,,,,
,6,,6,,,,,,,,
,6,,6,,,,,,,,
,6,,6,,,,,,,,
,6,,1,,,,,,,,
,3,,5,,,,,,,,
,6,,6,,,,,,,,
,5,,6,,,,,,,,
,6,,6,,,,,,,,
,6,,2,,,,,,,,
,6,,6,,,,,,,,
,0,,6,,,,,,,,
,6,,5,,,,,,,,
,6,,6,,,,,,,,
,0,,5,,,,,,,,
,6,,0,,,,,,,,
,5,,6,,,,,,,,
,6,,6,,,,,,,,
,6,,6,,,,,,,,
,6,,0,,,,,,,,
,6,,6,,,,,,,,
,6,,6,,,,,,,,
,5,,6,,,,,,,,
,6,,6,,,,,,,,
,5,,6,,,,,,,,
,4,,6,,,,,,,,
,6,,6,,,,,,,,
,6,,6,,,,,,,,
,6,,4,,,,,,,,
,5,,6,,,,,,,,
,2,,6,,,,,,,,
,6,,6,,,,,,,,
,6,,6,,,,,,,,
,6,,6,,,,,,,,
,5,,6,,,,,,,,
,6,,6,,,,,,,,
,6,,6,,,,,,,,
,0,,6,,,,,,,,
,6,,0,,,,,,,,
,6,,6,,,,,,,,
,6,,6,,,,,,,,
,5,,6,,,,,,,,
,6,,6,,,,,,,,
,6,,6,,,,,,,,
,6,,5,,,,,,,,
,5,,6,,,,,,,,
,5,,6,,,,,,,,
,6,,2,,,,,,,,
,0,,5,,,,,,,,
,6,,6,,,,,,,,
,6,,6,,,,,,,,
,6,,6,,,,,,,,
,6,,5,,,,,,,,
,6,,6,,,,,,,,
,6,,0,,,,,,,,
,0,,4,,,,,,,,
,0,,5,,,,,,,,
,6,,1,,,,,,,,
,0,,6,,,,,,,,
,6,,0,,,,,,,,
,6,,2,,,,,,,,
,6,,3,,,,,,,,
,6,,6,,,,,,,,
,6,,6,,,,,,,,
,0,,5,,,,,,,,
,6,,6,,,,,,,,
,6,,6,,,,,,,,
,6,,6,,,,,,,,
,5,,6,,,,,,,,
,6,,6,,,,,,,,
,6,,6,,,,,,,,
,6,,6,,,,,,,,
,6,,6,,,,,,,,
,6,,6,,,,,,,,
,6,,6,,,,,,,,
,6,,6,,,,,,,,
,6,,5,,,,,,,,
,6,,6,,,,,,,,
,5,,6,,,,,,,,
,6,,6,,,,,,,,
,6,,0,,,,,,,,
,6,,6,,,,,,,,
,6,,6,,,,,,,,
,6,,6,,,,,,,,
,6,,6,,,,,,,,
,6,,0,,,,,,,,
,6,,6,,,,,,,,
,6,,6,,,,,,,,
,6,,6,,,,,,,,
,6,,6,,,,,,,,
,6,,6,,,,,,,,
,5,,6,,,,,,,,
,6,,6,,,,,,,,
,6,,6,,,,,,,,
,6,,6,,,,,,,,
,6,,6,,,,,,,,
,6,,4,,,,,,,,
,6,,4,,,,,,,,
,5,,6,,,,,,,,
,6,,6,,,,,,,,
,6,,5,,,,,,,,
,5,,6,,,,,,,,
,6,,6,,,,,,,,
,6,,6,,,,,,,,
,6,,6,,,,,,,,
,6,,6,,,,,,,,
,6,,6,,,,,,,,
,6,,6,,,,,,,,
,6,,6,,,,,,,,
,6,,6,,,,,,,,
,6,,6,,,,,,,,
,5,,6,,,,,,,,
,6,,,,,,,,,,
,6,,,,,,,,,,
,5,,,,,,,,,,
,6,,,,,,,,,,
,6,,,,,,,,,,
,6,,,,,,,,,,
,6,,,,,,,,,,
,6,,,,,,,,,,
,6,,,,,,,,,,
,6,,,,,,,,,,
,6,,,,,,,,,,
,0,,,,,,,,,,
,3,,,,,,,,,,
,6,,,,,,,,,,
,5,,,,,,,,,,
,3,,,,,,,,,,
,5,,,,,,,,,,
,6,,,,,,,,,,
,6,,,,,,,,,,
,6,,,,,,,,,,
,6,,,,,,,,,,
,6,,,,,,,,,,
,6,,,,,,,,,,
,6,,,,,,,,,,
,6,,,,,,,,,,
,6,,,,,,,,,,
,6,,,,,,,,,,
,6,,,,,,,,,,
,6,,,,,,,,,,
,0,,,,,,,,,,
,6,,,,,,,,,,
,6,,,,,,,,,,
,6,,,,,,,,,,
,6,,,,,,,,,,
,6,,,,,,,,,,
,4,,,,,,,,,,
,2,,,,,,,,,,
,6,,,,,,,,,,
,6,,,,,,,,,,
,6,,,,,,,,,,
,6,,,,,,,,,,
,6,,,,,,,,,,
,6,,,,,,,,,,
,1,,,,,,,,,,
,6,,,,,,,,,,
,6,,,,,,,,,,
,6,,,,,,,,,,
,6,,,,,,,,,,
,3,,,,,,,,,,
,6,,,,,,,,,,
,6,,,,,,,,,,
,6,,,,,,,,,,
,6,,,,,,,,,,
,6,,,,,,,,,,
,6,,,,,,,,,,
,8,,,,,,,,,,
,6,,,,,,,,,,
,6,,,,,,,,,,
,6,,,,,,,,,,
,6,,,,,,,,,,
,6,,,,,,,,,,
,6,,,,,,,,,,
,6,,,,,,,,,,
,6,,,,,,,,,,
,6,,,,,,,,,,
,6,,,,,,,,,,
,6,,,,,,,,,,
,6,,,,,,,,,,
,5,,,,,,,,,,
,6,,,,,,,,,,
,6,,,,,,,,,,
,6,,,,,,,,,,
,5,,,,,,,,,,
,6,,,,,,,,,,
,2,,,,,,,,,,
,6,,,,,,,,,,
,6,,,,,,,,,,
,6,,,,,,,,,,
,6,,,,,,,,,,
,6,,,,,,,,,,
,6,,,,,,,,,,
,6,,,,,,,,,,
,6,,,,,,,,,,
,6,,,,,,,,,,
,6,,,,,,,,,,
,5,,,,,,,,,,
,6,,,,,,,,,,
,6,,,,,,,,,,
,6,,,,,,,,,,
,6,,,,,,,,,,
,0,,,,,,,,,,
,6,,,,,,,,,,
,6,,,,,,,,,,
,6,,,,,,,,,,
,6,,,,,,,,,,
,6,,,,,,,,,,
,5,,,,,,,,,,
,6,,,,,,,,,,
,6,,,,,,,,,,
,5,,,,,,,,,,
,6,,,,,,,,,,
,6,,,,,,,,,,
,6,,,,,,,,,,
,6,,,,,,,,,,
,6,,,,,,,,,,
,6,,,,,,,,,,
,6,,,,,,,,,,
,6,,,,,,,,,,
,6,,,,,,,,,,
,6,,,,,,,,,,
,6,,,,,,,,,,
,5,,,,,,,,,,
,6,,,,,,,,,,
,2,,,,,,,,,,
,0,,,,,,,,,,
,6,,,,,,,,,,
,6,,,,,,,,,,
,6,,,,,,,,,,
,6,,,,,,,,,,
,6,,,,,,,,,,
,6,,,,,,,,,,
,6,,,,,,,,,,
,6,,,,,,,,,,
,6,,,,,,,,,,
,5,,,,,,,,,,
,4,,,,,,,,,,
,6,,,,,,,,,,
,3,,,,,,,,,,
,6,,,,,,,,,,
,6,,,,,,,,,,
,6,,,,,,,,,,
,5,,,,,,,,,,
,6,,,,,,,,,,
,6,,,,,,,,,,
,0,,,,,,,,,,
,4,,,,,,,,,,
,6,,,,,,,,,,
,6,,,,,,,,,,
,6,,,,,,,,,,
,6,,,,,,,,,,
,5,,,,,,,,,,
,6,,,,,,,,,,
,0,,,,,,,,,,
,5,,,,,,,,,,
,6,,,,,,,,,,
,0,,,,,,,,,,
,6,,,,,,,,,,
,3,,,,,,,,,,
,6,,,,,,,,,,
,6,,,,,,,,,,
,6,,,,,,,,,,
,5,,,,,,,,,,
,6,,,,,,,,,,
,6,,,,,,,,,,
,5,,,,,,,,,,
,6,,,,,,,,,,
,6,,,,,,,,,,
,5,,,,,,,,,,
,6,,,,,,,,,,
,6,,,,,,,,,,
,6,,,,,,,,,,
,6,,,,,,,,,,
,6,,,,,,,,,,
,6,,,,,,,,,,
,6,,,,,,,,,,
,6,,,,,,,,,,
,6,,,,,,,,,,
,6,,,,,,,,,,
,6,,,,,,,,,,
,6,,,,,,,,,,
,6,,,,,,,,,,
,6,,,,,,,,,,
,6,,,,,,,,,,
,6,,,,,,,,,,
,6,,,,,,,,,,
,6,,,,,,,,,,
,6,,,,,,,,,,
,6,,,,,,,,,,
,6,,,,,,,,,,
,2,,,,,,,,,,
,0,,,,,,,,,,
,6,,,,,,,,,,
,6,,,,,,,,,,
,3,,,,,,,,,,
,5,,,,,,,,,,
,6,,,,,,,,,,
,0,,,,,,,,,,
,6,,,,,,,,,,
,6,,,,,,,,,,
,6,,,,,,,,,,
,3,,,,,,,,,,
,6,,,,,,,,,,
,6,,,,,,,,,,
,6,,,,,,,,,,
,1,,,,,,,,,,
,5,,,,,,,,,,
,6,,,,,,,,,,
,6,,,,,,,,,,
,6,,,,,,,,,,
,6,,,,,,,,,,
,6,,,,,,,,,,
,6,,,,,,,,,,
,6,,,,,,,,,,
,6,,,,,,,,,,
,5,,,,,,,,,,
,6,,,,,,,,,,
,3,,,,,,,,,,
,0,,,,,,,,,,
,6,,,,,,,,,,
,1,,,,,,,,,,
,5,,,,,,,,,,
,5,,,,,,,,,,
,6,,,,,,,,,,
,6,,,,,,,,,,
,0,,,,,,,,,,
,5,,,,,,,,,,
,6,,,,,,,,,,
,6,,,,,,,,,,
,6,,,,,,,,,,
,6,,,,,,,,,,
,6,,,,,,,,,,
,4,,,,,,,,,,
,6,,,,,,,,,,
,1,,,,,,,,,,
,6,,,,,,,,,,
,6,,,,,,,,,,
,6,,,,,,,,,,
,5,,,,,,,,,,
,6,,,,,,,,,,
,6,,,,,,,,,,
,5,,,,,,,,,,
,6,,,,,,,,,,
,6,,,,,,,,,,
,5,,,,,,,,,,
,6,,,,,,,,,,
,6,,,,,,,,,,
,6,,,,,,,,,,
,6,,,,,,,,,,
,6,,,,,,,,,,
,6,,,,,,,,,,
,6,,,,,,,,,,
,6,,,,,,,,,,
,6,,,,,,,,,,
,4,,,,,,,,,,
,1,,,,,,,,,,
,3,,,,,,,,,,
,6,,,,,,,,,,
,4,,,,,,,,,,
,6,,,,,,,,,,
,6,,,,,,,,,,
,6,,,,,,,,,,
,6,,,,,,,,,,
,6,,,,,,,,,,
,1,,,,,,,,,,
,6,,,,,,,,,,
,3,,,,,,,,,,
,6,,,,,,,,,,
,4,,,,,,,,,,
,6,,,,,,,,,,
,6,,,,,,,,,,
,0,,,,,,,,,,
,6,,,,,,,,,,
,5,,,,,,,,,,
,6,,,,,,,,,,
,6,,,,,,,,,,
,6,,,,,,,,,,
,6,,,,,,,,,,
,6,,,,,,,,,,
,6,,,,,,,,,,
,6,,,,,,,,,,
,6,,,,,,,,,,
,6,,,,,,,,,,
,6,,,,,,,,,,
,6,,,,,,,,,,
,6,,,,,,,,,,
,1,,,,,,,,,,
,6,,,,,,,,,,
,3,,,,,,,,,,
,6,,,,,,,,,,
,6,,,,,,,,,,
,6,,,,,,,,,,
,6,,,,,,,,,,
,2,,,,,,,,,,
,6,,,,,,,,,,
,3,,,,,,,,,,
,6,,,,,,,,,,
,6,,,,,,,,,,
,0,,,,,,,,,,
,6,,,,,,,,,,
,2,,,,,,,,,,
,5,,,,,,,,,,
,5,,,,,,,,,,
,4,,,,,,,,,,
,0,,,,,,,,,,
,0,,,,,,,,,,
,6,,,,,,,,,,
,6,,,,,,,,,,
,6,,,,,,,,,,
,6,,,,,,,,,,
,6,,,,,,,,,,
,6,,,,,,,,,,
,6,,,,,,,,,,
,6,,,,,,,,,,
,4,,,,,,,,,,
,6,,,,,,,,,,
,6,,,,,,,,,,
,6,,,,,,,,,,
,6,,,,,,,,,,
,6,,,,,,,,,,
,0,,,,,,,,,,
,4,,,,,,,,,,
,6,,,,,,,,,,
,6,,,,,,,,,,
,0,,,,,,,,,,
,2,,,,,,,,,,
,0,,,,,,,,,,
,6,,,,,,,,,,
,6,,,,,,,,,,
,6,,,,,,,,,,
,6,,,,,,,,,,
,6,,,,,,,,,,
,1,,,,,,,,,,
,4,,,,,,,,,,
,6,,,,,,,,,,
,1,,,,,,,,,,
,0,,,,,,,,,,
,6,,,,,,,,,,
,6,,,,,,,,,,
,6,,,,,,,,,,
,6,,,,,,,,,,
,6,,,,,,,,,,
,6,,,,,,,,,,
,0,,,,,,,,,,
,6,,,,,,,,,,
,0,,,,,,,,,,
,6,,,,,,,,,,
,6,,,,,,,,,,
,6,,,,,,,,,,
,6,,,,,,,,,,
,6,,,,,,,,,,
,6,,,,,,,,,,
,6,,,,,,,,,,
,6,,,,,,,,,,
,6,,,,,,,,,,
,6,,,,,,,,,,
,6,,,,,,,,,,
,6,,,,,,,,,,
,6,,,,,,,,,,
,6,,,,,,,,,,
,6,,,,,,,,,,
,6,,,,,,,,,,
,6,,,,,,,,,,
,6,,,,,,,,,,
,6,,,,,,,,,,
,6,,,,,,,,,,
,6,,,,,,,,,,
,0,,,,,,,,,,
,6,,,,,,,,,,
,6,,,,,,,,,,
,6,,,,,,,,,,
,5,,,,,,,,,,
,6,,,,,,,,,,
,0,,,,,,,,,,
,0,,,,,,,,,,
,6,,,,,,,,,,
,6,,,,,,,,,,
,6,,,,,,,,,,
,6,,,,,,,,,,
,1,,,,,,,,,,
,6,,,,,,,,,,
,6,,,,,,,,,,
,6,,,,,,,,,,
,4,,,,,,,,,,
,6,,,,,,,,,,
,6,,,,,,,,,,
,6,,,,,,,,,,
,6,,,,,,,,,,
,6,,,,,,,,,,
,0,,,,,,,,,,
,6,,,,,,,,,,
,6,,,,,,,,,,
,6,,,,,,,,,,
,6,,,,,,,,,,
,0,,,,,,,,,,
,6,,,,,,,,,,
,6,,,,,,,,,,
,6,,,,,,,,,,
,6,,,,,,,,,,
,5,,,,,,,,,,
,0,,,,,,,,,,
,6,,,,,,,,,,
,6,,,,,,,,,,
,6,,,,,,,,,,
,6,,,,,,,,,,
,6,,,,,,,,,,
,6,,,,,,,,,,
,6,,,,,,,,,,
,6,,,,,,,,,,
,6,,,,,,,,,,
,6,,,,,,,,,,
,6,,,,,,,,,,
,5,,,,,,,,,,
,6,,,,,,,,,,
,6,,,,,,,,,,
,6,,,,,,,,,,
,5,,,,,,,,,,
,0,,,,,,,,,,
,6,,,,,,,,,,
,0,,,,,,,,,,
,6,,,,,,,,,,
,6,,,,,,,,,,
,5,,,,,,,,,,
,6,,,,,,,,,,
,0,,,,,,,,,,
,6,,,,,,,,,,
,6,,,,,,,,,,
,6,,,,,,,,,,
,6,,,,,,,,,,
,6,,,,,,,,,,
,6,,,,,,,,,,
,6,,,,,,,,,,
,6,,,,,,,,,,
,0,,,,,,,,,,
,6,,,,,,,,,,
,6,,,,,,,,,,
,6,,,,,,,,,,
,0,,,,,,,,,,
,6,,,,,,,,,,
,6,,,,,,,,,,
,6,,,,,,,,,,
,5,,,,,,,,,,
,6,,,,,,,,,,
,6,,,,,,,,,,
,6,,,,,,,,,,
,6,,,,,,,,,,
,6,,,,,,,,,,
,6,,,,,,,,,,
,6,,,,,,,,,,
,6,,,,,,,,,,
,6,,,,,,,,,,
,5,,,,,,,,,,
,6,,,,,,,,,,
,6,,,,,,,,,,
,0,,,,,,,,,,
,6,,,,,,,,,,
,6,,,,,,,,,,
,6,,,,,,,,,,
,6,,,,,,,,,,
,6,,,,,,,,,,
,6,,,,,,,,,,
,4,,,,,,,,,,
,6,,,,,,,,,,
,6,,,,,,,,,,
,6,,,,,,,,,,
,6,,,,,,,,,,
,1,,,,,,,,,,
,6,,,,,,,,,,
,6,,,,,,,,,,
,5,,,,,,,,,,
,6,,,,,,,,,,
,6,,,,,,,,,,
,5,,,,,,,,,,
,6,,,,,,,,,,
,4,,,,,,,,,,
,6,,,,,,,,,,
,6,,,,,,,,,,
,6,,,,,,,,,,
,5,,,,,,,,,,
,6,,,,,,,,,,
,6,,,,,,,,,,
,6,,,,,,,,,,
,6,,,,,,,,,,
,6,,,,,,,,,,
,1,,,,,,,,,,
,6,,,,,,,,,,
,6,,,,,,,,,,
,6,,,,,,,,,,
,5,,,,,,,,,,
,6,,,,,,,,,,
,6,,,,,,,,,,
,4,,,,,,,,,,
,6,,,,,,,,,,
,0,,,,,,,,,,
,0,,,,,,,,,,
,6,,,,,,,,,,
,6,,,,,,,,,,
,6,,,,,,,,,,
,6,,,,,,,,,,
,6,,,,,,,,,,
,6,,,,,,,,,,
,6,,,,,,,,,,
,0,,,,,,,,,,
,6,,,,,,,,,,
,6,,,,,,,,,,
,6,,,,,,,,,,
,6,,,,,,,,,,
,0,,,,,,,,,,
,6,,,,,,,,,,
,6,,,,,,,,,,
,6,,,,,,,,,,
,6,,,,,,,,,,
,6,,,,,,,,,,
,4,,,,,,,,,,
,6,,,,,,,,,,
,6,,,,,,,,,,
,5,,,,,,,,,,
,6,,,,,,,,,,
,6,,,,,,,,,,